Label,Expected,TP,FP,FN,Recall,Precision,F-measure
cad,763,658,214,105,0.8623853211009175,0.7545871559633027,0.8048929663608564
diabetes,1141,1072,79,69,0.9395267309377738,0.9313640312771503,0.9354275741710295
obese,254,231,38,23,0.9094488188976378,0.8587360594795539,0.8833652007648184
hyperlipidemia,714,660,34,54,0.9243697478991597,0.9510086455331412,0.9375
hypertension,1282,1178,106,104,0.9188767550702028,0.9174454828660437,0.9181605611847233
medication,5576,5067,795,509,0.908715925394548,0.8643807574206755,0.8859940549047036
smoker,514,370,81,144,0.7198443579766537,0.8203991130820399,0.766839378238342
family_hist,514,496,2,18,0.9649805447470817,0.9959839357429718,0.9802371541501975
