Label,Expected,TP,FP,FN,Recall,Precision,F-measure
cad,763,655,407,108,0.8584534731323722,0.6167608286252354,0.7178082191780822
diabetes,1141,1079,136,62,0.9456617002629273,0.8880658436213992,0.9159592529711374
obese,254,233,56,21,0.9173228346456693,0.8062283737024222,0.8581952117863719
hyperlipidemia,714,655,47,59,0.9173669467787114,0.9330484330484331,0.925141242937853
hypertension,1282,1161,143,121,0.905616224648986,0.8903374233128835,0.8979118329466357
medication,5576,4956,997,620,0.8888091822094691,0.8325214177725516,0.8597449908925319
smoker,514,371,143,143,0.7217898832684825,0.7217898832684825,0.7217898832684825
family_hist,514,489,25,25,0.9513618677042801,0.9513618677042801,0.9513618677042801
