Label,Expected,TP,FP,FN,Recall,Precision,F-measure,Training Samples
cad,784,628,185,156,0.8010204081632653,0.7724477244772447,0.786474639949906,1162
diabetes,1180,1077,80,103,0.9127118644067796,0.9308556611927399,0.9216944801026956,1651
obese,262,231,54,31,0.8816793893129771,0.8105263157894737,0.8446069469835467,423
hyperlipidemia,751,669,33,82,0.8908122503328895,0.9529914529914529,0.9208534067446661,1026
hypertension,1293,1233,223,60,0.9535962877030162,0.8468406593406593,0.897053473990542,1897
medication,5674,4728,771,946,0.8332745858301022,0.8597926895799236,0.8463259643784122,8491
smoker,514,360,154,154,0.7003891050583657,0.7003891050583657,0.7003891050583657,397
family_hist,514,495,19,19,0.9630350194552529,0.9630350194552529,0.9630350194552529,21
