Label,Expected,TP,FP,FN,Recall,Precision,F-measure
cad,763,612,167,151,0.8020969855832241,0.785622593068036,0.7937743190661477
diabetes,1141,1063,83,78,0.9316389132340053,0.9275741710296684,0.929602098819414
obese,254,228,42,26,0.8976377952755905,0.8444444444444444,0.8702290076335878
hyperlipidemia,714,666,36,48,0.9327731092436975,0.9487179487179487,0.9406779661016949
hypertension,1282,1217,170,65,0.9492979719188768,0.8774333093006489,0.9119520419632822
medication,5576,4768,801,808,0.8550932568149211,0.8561680732627043,0.8556303275011216
smoker,514,367,62,147,0.7140077821011673,0.8554778554778555,0.7783669141039237
family_hist,514,497,0,17,0.9669260700389105,1.0,0.983184965380811
