Label,Expected,TP,FP,FN,Recall,Precision,F-measure
cad,763,653,217,110,0.8558322411533421,0.7505747126436781,0.7997550520514392
diabetes,1141,1058,96,83,0.9272567922874672,0.9168110918544194,0.922004357298475
obese,254,232,34,22,0.9133858267716536,0.8721804511278195,0.8923076923076924
hyperlipidemia,714,653,39,61,0.9145658263305322,0.9436416184971098,0.9288762446657183
hypertension,1282,1223,212,59,0.9539781591263651,0.8522648083623693,0.9002576370997423
medication,5576,5066,817,510,0.9085365853658537,0.8611252762196159,0.8841958286063357
smoker,514,359,155,155,0.6984435797665369,0.6984435797665369,0.6984435797665369
family_hist,514,493,21,21,0.9591439688715954,0.9591439688715954,0.9591439688715954
